review_id,rating,truth,title,text,text_len,verified_purchase,helpful_vote,date,pred,llm_emotion,raw_output,correct
136449,5,POSITIVE,Gift Card,We love Roosters!,3,True,0,2020-01-17 21:39:50.873,POSITIVE,,POSITIVE,True
56916,5,POSITIVE,Great gift,Many choices for use,4,True,0,2022-12-27 04:53:25.276,POSITIVE,,POSITIVE,True
79719,5,POSITIVE,Such a great gift card tin,Such a great gift card tin! Amazon gift cards are always well received-everyone loves them! Makes gift shopping so easy!!,20,True,0,2018-06-27 02:17:26.776,POSITIVE,,POSITIVE,True
62477,5,POSITIVE,Great gifts!,"My daughter's birthday was the 19th, so I bought her a $50 Amazon gift card.  My birthday was the 23rd and she bought me a $50 Amazon gift card!  We both love getting these as we are frequent customers of Amazon, they have everything you need.",46,False,0,2012-01-27 14:46:16.000,POSITIVE,,POSITIVE,True
117485,5,POSITIVE,Easy Simple and Enjoyable,It was great 👍,4,True,0,2021-06-27 15:03:31.947,POSITIVE,,POSITIVE,True
109549,5,POSITIVE,Just what I wanted,Came fast and as expected.,5,False,0,2017-06-10 21:55:55.967,POSITIVE,,POSITIVE,True
127465,5,POSITIVE,Lo recomiendo.,Excelente.,1,True,0,2021-02-19 17:26:14.776,POSITIVE,,POSITIVE,True
117644,5,POSITIVE,It worked!,I tried to buy off microsoft store but it wasn't accepting my card. I bought this through amazon and it worked,21,True,0,2019-12-17 02:53:01.938,POSITIVE,,POSITIVE,True
50439,5,POSITIVE,arrived fast!,Always love a gift card!,5,True,0,2019-01-16 21:58:00.299,POSITIVE,,POSITIVE,True
124162,5,POSITIVE,Perfect to give as gift,"It's a gift card....,what more is there to say ?",10,True,0,2017-01-15 20:30:05.000,POSITIVE,,POSITIVE,True
134558,5,POSITIVE,Easy to give as a gift.,Gas card.,2,True,0,2022-05-16 19:53:48.072,POSITIVE,,POSITIVE,True
69459,5,POSITIVE,Five Stars,Love It!,2,True,0,2018-09-04 21:11:52.075,POSITIVE,,POSITIVE,True
91794,5,POSITIVE,Nice little tin box,"It comes with a nice little tin box which can be used for other stuff (i.e. card storage, etc)",19,True,0,2022-08-22 03:55:07.953,POSITIVE,,POSITIVE,True
123321,5,POSITIVE,Easy,Very easy to use,4,True,0,2022-03-28 00:41:07.871,POSITIVE,,POSITIVE,True
129305,5,POSITIVE,Beautiful gold box,[[VIDEOID:9098c02c1b448bb11a86ec1623915b01]] Makes gift card a gift,6,False,11,2022-01-21 22:10:52.029,POSITIVE,,POSITIVE,True
83741,5,POSITIVE,cute container,The cupcake holder for the gift card really added to the appeal of the card!,15,True,0,2022-02-03 18:23:47.188,POSITIVE,,POSITIVE,True
91691,5,POSITIVE,Elegant box,Loved the gifty card box. Very elegant.,7,True,0,2020-02-05 13:37:05.324,POSITIVE,,POSITIVE,True
72432,5,POSITIVE,Five Stars,Very easy to do,4,True,0,2015-02-14 18:51:08.000,POSITIVE,,POSITIVE,True
23979,5,POSITIVE,New mom loves it,It made a great impression and my friend remarked how adorable it looks.,13,True,0,2019-11-08 01:01:57.128,POSITIVE,,POSITIVE,True
141634,5,POSITIVE,Yummm,Kids love Red Robin.,4,True,0,2021-06-03 01:20:06.408,POSITIVE,,POSITIVE,True
75943,5,POSITIVE,Five Stars,"Quickly received, no surprises",4,True,0,2014-12-22 14:47:32.000,POSITIVE,,POSITIVE,True
147220,5,POSITIVE,Always on time,Makes everything better when you see that item you want,10,True,0,2023-04-20 00:38:17.166,POSITIVE,,POSITIVE,True
21329,5,POSITIVE,Perfect gift,This was a perfect gift for my granddaughter.,8,True,0,2019-08-10 02:45:52.508,POSITIVE,,POSITIVE,True
50804,5,POSITIVE,Five Stars,Fast shipping and great for a gift idea.,8,True,0,2017-11-09 16:32:08.994,POSITIVE,,POSITIVE,True
143800,5,POSITIVE,Totally worth the $25,"You want me to write a review for this? Ok. I really wanted $26 but got the $25 I was told I would get if I spent $25 on it. Oh well. I guy can hope. The real question is if it worked at the restaurant or not. It was a gift for someone else so as far as I'm concerned, A+ on my end.",65,True,1,2017-02-12 05:20:10.000,POSITIVE,,POSITIVE,True
66631,5,POSITIVE,Snow Flake Gift Box,The snow flake gift box (and the gift card inside!) got a big smile from my nephew when we opened it at Christmas.,23,True,0,2021-01-15 02:13:37.082,POSITIVE,,POSITIVE,True
118147,5,POSITIVE,amount balance,Easy to use,3,False,0,2020-09-26 13:58:31.731,POSITIVE,,POSITIVE,True
29679,5,POSITIVE,Reload plus bonus,What’s not to like I used a visa gift card I got as a reward to reload.,17,True,0,2022-06-25 01:55:06.565,POSITIVE,,POSITIVE,True
119935,5,POSITIVE,Good,Good,1,True,0,2020-07-20 21:42:48.829,POSITIVE,,POSITIVE,True
49902,5,POSITIVE,Love my knives,It is very sharp!,4,True,0,2021-05-12 01:39:22.204,POSITIVE,,POSITIVE,True
14856,5,POSITIVE,Great idea for a gift,Lightning deal.  Delicious ice cream combos made right before your eyes.,11,True,0,2016-11-02 03:22:05.000,POSITIVE,,POSITIVE,True
125722,5,POSITIVE,Classy Gift card in a holiday Box,Perfect for holiday gift giving in a premium gift box.,10,True,0,2022-01-29 14:12:51.292,POSITIVE,,POSITIVE,True
45556,5,POSITIVE,Very simple to use and it's very quick.,"I wanted to reload on my account so I did. It was very quick and easy. I was thinking it would take more than 5 minutes, but it actually reloaded for less than 5 minutes, so they were right. I would totally use this again in the future when I need to reload on my account.",56,True,0,2020-01-02 13:02:06.706,POSITIVE,,POSITIVE,True
58529,5,POSITIVE,Well.  It’s my money so it’s pretty cool.,I used my own money to add to.. my......  own account.  I mean...  I guess this is a reviewable item?,20,True,0,2020-02-06 04:30:31.402,POSITIVE,,POSITIVE,True
66018,5,POSITIVE,LOVE this unique way to give a gift card.,Not only can you get someone a gift card - but it comes with an additional gift - a felt ornament. Getting Christmas gifts for extended family is so time consuming and wasteful. Gift cards & the ability to buy literally anything on Amazon is so convenient and appreciated by people. Definitely recommend this one out of other available cards because it comes with a cute ornament that looks great on a tree!,73,True,0,2022-08-16 04:29:46.298,POSITIVE,,POSITIVE,True
27014,4,POSITIVE,Issue in distinguishing,"I ordered few cards of $25 and few of $50, all looks alike and came in same package. How to distinguish?",21,True,0,2019-09-30 23:30:44.651,NEGATIVE,,NEGATIVE,False
87776,5,POSITIVE,Love it',Like,1,True,0,2020-07-23 23:35:31.538,POSITIVE,,POSITIVE,True
21920,5,POSITIVE,Fast shipping!,"Fast shipping! Great, easy gift for last minute. My dad loved receiving this.",13,True,0,2016-03-16 13:19:31.000,POSITIVE,,POSITIVE,True
44141,5,POSITIVE,Easy,Very convent in emergency’s,4,True,0,2022-09-05 22:08:16.323,POSITIVE,,POSITIVE,True
101177,5,POSITIVE,Easy Peasy,Very easy to add money to my account and I got a bonus for doing so.,16,True,0,2020-12-25 13:00:25.991,POSITIVE,,POSITIVE,True
58025,5,POSITIVE,Penguin Card Holder,"Adorable card holder, cuter than I expected",7,True,0,2019-01-25 22:15:25.595,POSITIVE,,POSITIVE,True
127783,5,POSITIVE,Five Stars,everyone loved,2,True,0,2017-08-04 19:55:51.085,POSITIVE,,POSITIVE,True
55104,5,POSITIVE,Search for coupon to get free money!,Who doesn't love getting some free money when you reload your cards?,12,True,0,2018-10-07 16:58:04.033,POSITIVE,,POSITIVE,True
134527,5,POSITIVE,Didn’t have to go anywhere got it the next day,Easy,1,True,0,2021-02-28 22:00:18.730,POSITIVE,,POSITIVE,True
118308,5,POSITIVE,Five Stars,Pretty easy way to spend thx,6,True,0,2016-08-25 15:38:30.000,POSITIVE,,POSITIVE,True
55305,5,POSITIVE,Great small gift,These are great for small gifts for customers. I put one in a card and everyone is thrilled to get them.,21,True,0,2015-10-15 01:09:32.000,POSITIVE,,POSITIVE,True
92907,5,POSITIVE,Five Stars,Can't go wrong with a $25 dollar gift card,9,True,3,2015-09-07 17:16:48.000,POSITIVE,,POSITIVE,True
48582,5,POSITIVE,Five Stars,Awesome gift package for the price! Definitely recommend in a pinch!!!!,11,True,0,2016-12-03 20:20:58.000,POSITIVE,,POSITIVE,True
77654,5,POSITIVE,Perfect gift,Love sending gift cards to people for different holidays<br />Gets there fast,12,True,0,2022-10-21 15:56:09.384,POSITIVE,,POSITIVE,True
133783,5,POSITIVE,Five Stars,Perfect present for college bound grandchild.,6,True,0,2016-08-26 21:41:58.000,POSITIVE,,POSITIVE,True
58443,1,NEGATIVE,Disappointed....,"The box was soaked, off the porch (small enough to have gone in the mailbox)  and the tin with the gift card in it was smashed on one side.  I can't even open it.  Wonder how Dad will get his gift card out?!",43,False,11,2015-12-23 22:40:10.000,NEGATIVE,,NEGATIVE,True
108913,2,NEGATIVE,Free giftcard,I got a amazon.com gift card $10 and I don't even know how to use it<br />Don't even have a promo code,22,False,0,2022-01-27 00:54:56.384,NEGATIVE,,NEGATIVE,True
80503,1,NEGATIVE,No money on card when went to use,Empty card,2,True,0,2022-08-08 10:12:31.468,NEGATIVE,,NEGATIVE,True
118345,1,NEGATIVE,INSISTS ON CHARGING MY PURCHASES ON AMAZON AGAINST THE GIFT ...,"INSISTS ON CHARGING MY PURCHASES ON AMAZON AGAINST THE GIFT CARD WHICH I HAD GIVEN TO SOMEONE AS A GIFT, MAKING ME RELOAD THE GIFT CARD EVERY TIME I MADE A PURCHASE..",32,True,1,2017-02-24 01:42:35.000,NEGATIVE,,NEGATIVE,True
25473,3,NEGATIVE,payment limitations,doesn't work to pay for services just to buy things,10,True,0,2020-02-25 21:37:04.236,NEGATIVE,,NEGATIVE,True
142792,1,NEGATIVE,NOT ACTIVATED,"FYI: These are physical cards.  Bought 4 of these for use in my school's recreation room.  None of them work as the distributor never activated them, not even after delivery was confirmed.  Tried each one several ways through several redemption options.  Wasted several hours trying to figure stuff out and Amazon eventually just refunded me.  You are better off buying the digital store codes instead.  BUYER BEWARE.",67,False,0,2023-03-28 18:12:44.348,NEGATIVE,,NEGATIVE,True
57075,1,NEGATIVE,CANNOT/DOES NOT DISPLAY THE VALUE !!!!!,WHAT KIND OF A GIFT CARD DOES NOT DISPLAY THE VALUE?????<br />Embarassing to have to verbally tell the giftor the amount of the gift.<br />It comes in a great package and is convenient to use but the lack of value is a letdown.<br />I would include a gift note to the recipient which included the congratulations and then the dollar amount.  Tacky but no other choice.,66,True,2,2020-08-14 05:11:58.327,NEGATIVE,,NEGATIVE,True
29550,1,NEGATIVE,KMART SUCKS,KMART Sucks,2,True,0,2017-02-11 06:09:33.000,NEGATIVE,,NEGATIVE,True
150980,1,NEGATIVE,Don't try this second time,The promotion works only once. They dont tell you up front. I found out when I used it for second time. I don't see why someone would use it second time instead of using their credit card for cash back.,40,True,2,2018-11-29 01:36:39.031,NEGATIVE,,NEGATIVE,True
78367,1,NEGATIVE,Opened,The package was opened with the bar code exposed.  Returned it.,11,True,2,2022-04-06 13:43:58.753,NEGATIVE,,NEGATIVE,True
144324,1,NEGATIVE,made me poop,gave me the sh@#s,4,True,0,2019-10-21 03:30:05.775,NEGATIVE,,NEGATIVE,True
79969,1,NEGATIVE,scam!,You pay $140 for $100 credit? So you get scammed out of $40 dollars! Why is amazon allowing this?,19,False,52,2021-10-05 22:52:34.920,NEGATIVE,,NEGATIVE,True
90342,1,NEGATIVE,Cards came with 0 amount.,I order 2 of these cards 25 dollars each.  They came and had zero balance on them.,17,True,2,2022-02-04 05:26:31.835,NEGATIVE,,NEGATIVE,True
101990,2,NEGATIVE,"Arrived Late, No Greeting in Card","I ordered this gift card on December 3rd and asked for free one-day shipping, expecting it to be delivered the following day.  Instead, it arrived three days late because it was sent to the wrong shipping facility (500 miles from my home).  I contacted customer &#34;service&#34; to see if I could have another card sent, but they refused and told me to wait a few days and contact them if it didn't arrive by December 6th.<br /><br />It finally did arrive on December 7th (three days late) in a large envelope that could have been used to ship a book.  Does Amazon really need to use a giant envelope to ship a little gift card?  That is just a waste of paper.  Also, I wrote a message for the card that was not included in the card.  Instead, I received the gift card inside a blank card.  Don't give the option to write a personal message if it's not going to be used.<br /><br />I only ordered a gift card from Amazon because I thought it would be more personal than those generic gift cards you can get at any grocery or drug store, but after this experience I think I will just buy the card myself.",207,True,4,2013-12-11 20:03:17.000,NEGATIVE,,NEGATIVE,True
140890,1,NEGATIVE,Extremely disappointed with Amazon,Package was delivered in plain envelope no gift box as described. Gift card was not attached. Recipient had no idea who the gift was from. Extremely disappointed with Amazon.,29,True,1,2017-01-29 01:02:27.000,NEGATIVE,,NEGATIVE,True
59849,1,NEGATIVE,Christmas?,"You have gift cards for every ""disenfranchised"" group you can think of but no actual Christian gift cards for Christmas.  You did many, many years ago.",26,True,0,2023-01-03 18:58:17.022,NEGATIVE,,NEGATIVE,True
100926,3,NEGATIVE,Having problems doing that,Trying to cancel it,4,True,0,2020-11-14 19:45:34.161,NEGATIVE,,NEGATIVE,True
128165,1,NEGATIVE,DO NOT BUY,"Bought this as a gift for a child in need for Christmas, and it is dirty, ripped, torn, and covered in ink and other marks. I cannot give this as a gift.",32,True,1,2020-11-28 23:50:42.536,NEGATIVE,,NEGATIVE,True
57295,1,NEGATIVE,Not worth the plastic its printed in. You have ...,"Not worth the plastic its printed in. You have to activate it. When you do that, that website tells you &#34;Technical error, please try again later.&#34; When you call the vendor, you're on hold forever, this is NOT refundable through amazon. Dont throw away your money.",46,True,4,2018-06-09 04:17:59.601,NEGATIVE,,NEGATIVE,True
115897,1,NEGATIVE,how can you screw up a gift card?,"I ordered 5 cards and added a specific message and dollar amount to each card. They all showed up with no message, or dollar amount. I checked the order details and it shows the messages. It was not fun saying Joan got 50, Jack got 100, Jill got 75, Jeremy 25.",51,False,0,2018-12-26 10:26:34.796,NEGATIVE,,NEGATIVE,True
149393,1,NEGATIVE,it should have arrived like it showed it would.,this was a christmas gift. it did not arrive in a christmas gift box as stated. i am very disappointed about this. will not do this again!,27,False,0,2019-09-26 16:45:43.251,NEGATIVE,,NEGATIVE,True
68783,1,NEGATIVE,Fake promotion,Fake,1,True,1,2019-09-26 05:00:30.339,NEGATIVE,,NEGATIVE,True
129268,2,NEGATIVE,No dollar amount noted - not good!,I hate getting / giving gift cards that don't clearly state the value!  How is the recipient supposed to know how much it is worth? They have to wait to get to checkout to see.  That's just wrong!  PLEASE make sure the value is noted on the card.  I had to buy sticky dots on which I wrote the amount.,60,True,0,2020-01-17 14:23:38.982,NEGATIVE,,NEGATIVE,True
115810,1,NEGATIVE,One Star,the never send me the $10 dls gift card,9,True,0,2017-10-25 15:43:16.703,NEGATIVE,,NEGATIVE,True
149652,1,NEGATIVE,Scam!!,Bought this for my friend for Christmas.  He tried to use it and there's no money.  Such a scam!!,19,False,2,2021-03-18 01:35:36.834,NEGATIVE,,NEGATIVE,True
136573,1,NEGATIVE,Misrepresentation,"The item received it a navy blue gift card with a tan bear.  Complete mispresentation from this cute green owl shown in the photo.  Also arrived late, conveniently no return policy!!!!",31,True,3,2016-02-02 20:44:23.000,NEGATIVE,,NEGATIVE,True
4129,1,NEGATIVE,Amazon guilty of false advertising,Bought this with the condition that I would get $15 off next amazxon purchase. All lies.,16,True,1,2018-03-14 03:52:18.476,NEGATIVE,,NEGATIVE,True
62319,1,NEGATIVE,Just Awful,"I just spent more than an hour trying to reload my balance. Why did you change the method? This proves the case “When it ain’t broken, don’t fix it”. Well I guess I won’t be adding any reloaded balances to my account. Your new method stinks.",46,False,4,2021-08-21 22:19:07.028,NEGATIVE,,NEGATIVE,True
147942,1,NEGATIVE,This sucks‼️,Hate it‼️‼️‼️,2,True,9,2021-05-22 09:52:06.178,NEGATIVE,,NEGATIVE,True
151893,1,NEGATIVE,my wanted product out of stock after payment!,my wanted product  out of stock  after payment!,8,True,0,2017-08-04 00:13:02.162,NEGATIVE,,NEGATIVE,True
65997,2,NEGATIVE,Gift Cards,I disliked that the gift message wasn't included with the gift so the person who received the gift had no idea who sent it.  Disturbing.,25,False,0,2022-01-04 18:32:08.599,NEGATIVE,,NEGATIVE,True
86437,1,NEGATIVE,One Star,I ordered two gifts cards on two separate days and I only received one.,14,False,3,2015-01-02 16:43:35.000,NEGATIVE,,NEGATIVE,True
355,3,NEGATIVE,Hard to find,Hard to find on my card,6,True,0,2020-03-18 18:17:52.757,NEGATIVE,,NEGATIVE,True
52346,1,NEGATIVE,NO REFUNDS ON RELOADS,No refunds even if it's a browser's issue. Cannot reach out to anyone.  Terrible experience,15,True,0,2021-04-30 16:06:43.674,NEGATIVE,,NEGATIVE,True
32778,1,NEGATIVE,promises broken,"I did a reload with the promise of a 10 dollar gift card promised of which I never received. I reported this to Amazon and was told i would see it in 24 hours, but this never happened.",38,True,1,2022-07-17 20:44:19.248,NEGATIVE,,NEGATIVE,True
14828,1,NEGATIVE,Doesn’t stay on very well.,Costume did not stay on very well at all.,9,True,2,2019-03-25 22:45:03.057,NEGATIVE,,NEGATIVE,True
92494,2,NEGATIVE,Two Stars,I found out that we don't have amc theatres in Toledo any longer???,13,False,0,2014-12-29 20:28:59.000,NEGATIVE,,NEGATIVE,True
85945,2,NEGATIVE,Cashier said no funds on gift card,Highly disappointed. Gave this as a gift to a family member and went to cashier and said no money was on the card.,23,True,0,2023-03-05 05:23:44.757,NEGATIVE,,NEGATIVE,True
98771,1,NEGATIVE,Lots of problems,"First, I put money on the gift card and placed an order.  It did not auto deduct from the balance as it was supposed to. When I went to reload from a cash card, it automatically used my credit card instead.",41,True,0,2019-12-11 16:19:16.129,NEGATIVE,,NEGATIVE,True
133372,1,NEGATIVE,The PIN number was peeled off and I couldn’t use it. It was a cheap made gift car,The PIN number was peeled off and I couldn’t use it. It was a cheap made gift card,18,True,0,2022-06-23 04:19:09.946,NEGATIVE,,NEGATIVE,True
95431,1,NEGATIVE,"When I tried to load two gift cards, theynchagd ...","When I tried to load two gift cards, theynchagd me for the gift cards. I called and complained and nothing was done. The gift cards are I. The trash so I couldn't use them. Am telling my family NOT TO GIVE ME AMAZON GIFT CARDS",45,True,0,2017-03-07 03:39:39.000,NEGATIVE,,NEGATIVE,True
135009,1,NEGATIVE,HORRIBLE,Amazon is intentionally sandbaging this formerly easy reload process. Agenda much? Horrible!,12,True,1,2021-10-16 17:20:46.595,NEGATIVE,,NEGATIVE,True
85361,1,NEGATIVE,its not the wrong address,Just found out it cant be shipped cuz its the wrong address except its NOT the wrong address ..,19,False,1,2018-12-08 20:03:05.403,NEGATIVE,,NEGATIVE,True
110020,3,NEGATIVE,Useful Gift Card Information,"If you receive a gift card, you must register it in the ""Your Account"" section of your online Amazon account before it can be used. There is nothing in the information that comes with your gift card to tell you this step. Once you have registered your gift card whatever you next purchase or purchases involve, the cost will be first deducted from your gift card balance including Kindle e-book purchases until the balance of the gift card is depleted. Too bad Amazon didn't think to include this information with the gift card.",93,True,7,2011-05-21 14:58:24.000,NEGATIVE,,NEGATIVE,True
108839,1,NEGATIVE,the card doesn't work !,The card came 2 weeks after promised and it doesn't work. Amazon has not fixed it !,17,True,0,2019-01-16 07:47:11.506,NEGATIVE,,NEGATIVE,True
13900,1,NEGATIVE,One Star,great,1,True,0,2016-04-20 00:57:55.000,NEGATIVE,,NEGATIVE,True
46689,1,NEGATIVE,bought this to get a reward,DID NOT RECIEVE THE LIGHTING DEAL $10 REWARD. SCAM SC AM S C  A  M,15,True,0,2020-11-01 18:52:27.773,NEGATIVE,,NEGATIVE,True
78438,1,NEGATIVE,Shananagins,Not sure if it’s a total scam but sure does feel like it….received the card for my nephews birthday put them in his birthday card and he so excited when he opened it ( yeah ) 24 hours later they still don’t work …finally fortnite says they are not activated by the retailer …I was like oh ok Amazon can take care of it …no not so fast Amazon says it is fortnites issue even though I bought them from Amazon and Amazon has to activate them ….save yourself the headache and stay away from this shenanigans,97,True,1,2021-07-19 01:53:59.779,NEGATIVE,,NEGATIVE,True
89229,2,NEGATIVE,Two Stars,Very hard to do online,5,True,2,2016-11-09 23:29:32.000,NEGATIVE,,NEGATIVE,True
79800,1,NEGATIVE,Scam card,Great $50 pre used card,5,True,1,2022-12-29 02:34:39.001,NEGATIVE,,NEGATIVE,True
